{"annotation":{"filename":"ADE_train_00004609.jpg","folder":"ADE20K_2021_17_01/images/ADE/training/urban/building_facade","imsize":[256,256,3],"source":{"folder":"static_sun_database/b/building_facade","filename":"sun_acwsjhyqjpdqjlwi.jpg","origin":"Downloaded from Google search. Image might be subject to copyright. Use only for non-commercial research and educational purposes."},"scene":["outdoor","urban","building_facade"],"object":[{"id":0,"name":"grass","name_ndx":1125,"hypernym":["grass","gramineous plant, graminaceous plant","herb, herbaceous plant","vascular plant, tracheophyte","plant, flora, plant life","organism, being","living thing, animate thing","whole, unit","object, physical object","physical entity","entity"],"raw_name":"grass","attributes":"","depth_ordering_rank":1,"occluded":[],"crop":"0","parts":{"hasparts":[],"ispartof":[],"part_level":0},"instance_mask":"ADE_train_00004609/instance_000_ADE_train_00004609.png","polygon":{"x":[2,198,256,256,2],"y":[247,233,229,256,256],"click_date":[]},"saved_date":"13-Nov-2006 03:41:30"},{"id":1,"name":"building, edifice","name_ndx":312,"hypernym":["building, edifice","structure, construction","artifact, artefact","whole, unit","object, physical object","physical entity","entity"],"raw_name":"building","attributes":"","depth_ordering_rank":2,"occluded":[],"crop":"0","parts":{"hasparts":[3,4,5,6,7,8,9,10,11,12,13,14,15,16,17,18,19,20,21,22,23,24,25,26],"ispartof":[],"part_level":0},"instance_mask":"ADE_train_00004609/instance_001_ADE_train_00004609.png","polygon":{"x":[0,222,249,249,256,256,0],"y":[122,71,81,68,66,228,247],"click_date":[]},"saved_date":"13-Nov-2006 03:41:30"},{"id":2,"name":"sky","name_ndx":2420,"hypernym":["sky","atmosphere","gas","fluid","matter","physical entity","entity"],"raw_name":"sky","attributes":"","depth_ordering_rank":3,"occluded":[],"crop":"0","parts":{"hasparts":[],"ispartof":[],"part_level":0},"instance_mask":"ADE_train_00004609/instance_002_ADE_train_00004609.png","polygon":{"x":[0,256,256,249,249,222,0],"y":[0,0,65,67,81,71,121],"click_date":[]},"saved_date":"13-Nov-2006 03:41:30"},{"id":3,"name":"window","name_ndx":3050,"hypernym":[],"raw_name":"window","attributes":"","depth_ordering_rank":4,"occluded":[],"crop":"0","parts":{"ispartof":1,"hasparts":[],"part_level":1},"instance_mask":"ADE_train_00004609/instance_003_ADE_train_00004609.png","polygon":{"x":[60,61,71,70],"y":[191,172,171,190],"click_date":[]},"saved_date":"24-Nov-2006 17:00:53"},{"id":4,"name":"window","name_ndx":3050,"hypernym":[],"raw_name":"window","attributes":"","depth_ordering_rank":5,"occluded":[],"crop":"0","parts":{"ispartof":1,"hasparts":[],"part_level":1},"instance_mask":"ADE_train_00004609/instance_004_ADE_train_00004609.png","polygon":{"x":[82,92,92,81],"y":[170,168,188,189],"click_date":[]},"saved_date":"24-Nov-2006 17:00:53"},{"id":5,"name":"window","name_ndx":3050,"hypernym":[],"raw_name":"window","attributes":"","depth_ordering_rank":6,"occluded":[],"crop":"0","parts":{"ispartof":1,"hasparts":[],"part_level":1},"instance_mask":"ADE_train_00004609/instance_005_ADE_train_00004609.png","polygon":{"x":[62,62,71,71],"y":[157,134,132,157],"click_date":[]},"saved_date":"24-Nov-2006 17:00:53"},{"id":6,"name":"window","name_ndx":3050,"hypernym":[],"raw_name":"window","attributes":"","depth_ordering_rank":7,"occluded":[],"crop":"0","parts":{"ispartof":1,"hasparts":[],"part_level":1},"instance_mask":"ADE_train_00004609/instance_006_ADE_train_00004609.png","polygon":{"x":[82,93,93,81],"y":[130,128,153,154],"click_date":[]},"saved_date":"24-Nov-2006 17:00:53"},{"id":7,"name":"window","name_ndx":3050,"hypernym":[],"raw_name":"window","attributes":"","depth_ordering_rank":8,"occluded":[],"crop":"0","parts":{"ispartof":1,"hasparts":[],"part_level":1},"instance_mask":"ADE_train_00004609/instance_007_ADE_train_00004609.png","polygon":{"x":[151,151,165,165],"y":[182,159,158,180],"click_date":[]},"saved_date":"24-Nov-2006 17:00:53"},{"id":8,"name":"window","name_ndx":3050,"hypernym":[],"raw_name":"window","attributes":"","depth_ordering_rank":9,"occluded":[],"crop":"0","parts":{"ispartof":1,"hasparts":[],"part_level":1},"instance_mask":"ADE_train_00004609/instance_008_ADE_train_00004609.png","polygon":{"x":[150,151,165,164],"y":[227,205,204,227],"click_date":[]},"saved_date":"24-Nov-2006 17:00:53"},{"id":9,"name":"window","name_ndx":3050,"hypernym":[],"raw_name":"window","attributes":"","depth_ordering_rank":10,"occluded":[],"crop":"0","parts":{"ispartof":1,"hasparts":[],"part_level":1},"instance_mask":"ADE_train_00004609/instance_009_ADE_train_00004609.png","polygon":{"x":[21,30,29,20],"y":[214,214,232,233],"click_date":[]},"saved_date":"24-Nov-2006 17:00:53"},{"id":10,"name":"window","name_ndx":3050,"hypernym":[],"raw_name":"window","attributes":"","depth_ordering_rank":11,"occluded":[],"crop":"0","parts":{"ispartof":1,"hasparts":[],"part_level":1},"instance_mask":"ADE_train_00004609/instance_010_ADE_train_00004609.png","polygon":{"x":[39,48,48,40],"y":[213,213,231,231],"click_date":[]},"saved_date":"24-Nov-2006 17:00:53"},{"id":11,"name":"window","name_ndx":3050,"hypernym":[],"raw_name":"window","attributes":"","depth_ordering_rank":12,"occluded":[],"crop":"0","parts":{"ispartof":1,"hasparts":[],"part_level":1},"instance_mask":"ADE_train_00004609/instance_011_ADE_train_00004609.png","polygon":{"x":[103,115,115,103],"y":[128,126,150,152],"click_date":[]},"saved_date":"08-Sep-2010 10:08:44"},{"id":12,"name":"window","name_ndx":3050,"hypernym":[],"raw_name":"window","attributes":"","depth_ordering_rank":13,"occluded":[],"crop":"0","parts":{"ispartof":1,"hasparts":[],"part_level":1},"instance_mask":"ADE_train_00004609/instance_012_ADE_train_00004609.png","polygon":{"x":[127,140,139,126],"y":[123,120,146,149],"click_date":[]},"saved_date":"08-Sep-2010 10:08:44"},{"id":13,"name":"window","name_ndx":3050,"hypernym":[],"raw_name":"window","attributes":"","depth_ordering_rank":14,"occluded":[],"crop":"0","parts":{"ispartof":1,"hasparts":[],"part_level":1},"instance_mask":"ADE_train_00004609/instance_013_ADE_train_00004609.png","polygon":{"x":[151,164,165,151],"y":[118,115,144,145],"click_date":[]},"saved_date":"08-Sep-2010 10:08:44"},{"id":14,"name":"window","name_ndx":3050,"hypernym":[],"raw_name":"window","attributes":"","depth_ordering_rank":15,"occluded":[],"crop":"0","parts":{"ispartof":1,"hasparts":[],"part_level":1},"instance_mask":"ADE_train_00004609/instance_014_ADE_train_00004609.png","polygon":{"x":[177,191,193,177],"y":[112,110,138,140],"click_date":[]},"saved_date":"08-Sep-2010 10:08:44"},{"id":15,"name":"window","name_ndx":3050,"hypernym":[],"raw_name":"window","attributes":"","depth_ordering_rank":16,"occluded":[],"crop":"0","parts":{"ispartof":1,"hasparts":[],"part_level":1},"instance_mask":"ADE_train_00004609/instance_015_ADE_train_00004609.png","polygon":{"x":[176,192,192,177],"y":[201,200,226,226],"click_date":[]},"saved_date":"08-Sep-2010 10:08:44"},{"id":16,"name":"window","name_ndx":3050,"hypernym":[],"raw_name":"window","attributes":"","depth_ordering_rank":17,"occluded":[],"crop":"0","parts":{"ispartof":1,"hasparts":[],"part_level":1},"instance_mask":"ADE_train_00004609/instance_016_ADE_train_00004609.png","polygon":{"x":[126,139,139,125],"y":[164,162,185,186],"click_date":[]},"saved_date":"08-Sep-2010 10:08:44"},{"id":17,"name":"window","name_ndx":3050,"hypernym":[],"raw_name":"window","attributes":"","depth_ordering_rank":18,"occluded":[],"crop":"0","parts":{"ispartof":1,"hasparts":[],"part_level":1},"instance_mask":"ADE_train_00004609/instance_017_ADE_train_00004609.png","polygon":{"x":[102,115,114,102],"y":[167,166,186,187],"click_date":[]},"saved_date":"08-Sep-2010 10:08:44"},{"id":18,"name":"window","name_ndx":3050,"hypernym":[],"raw_name":"window","attributes":"","depth_ordering_rank":19,"occluded":[],"crop":"0","parts":{"ispartof":1,"hasparts":[],"part_level":1},"instance_mask":"ADE_train_00004609/instance_018_ADE_train_00004609.png","polygon":{"x":[41,51,51,41],"y":[142,140,161,161],"click_date":[]},"saved_date":"08-Sep-2010 10:08:44"},{"id":19,"name":"window","name_ndx":3050,"hypernym":[],"raw_name":"window","attributes":"","depth_ordering_rank":20,"occluded":[],"crop":"0","parts":{"ispartof":1,"hasparts":[],"part_level":1},"instance_mask":"ADE_train_00004609/instance_019_ADE_train_00004609.png","polygon":{"x":[40,50,49,39],"y":[175,173,195,195],"click_date":[]},"saved_date":"08-Sep-2010 10:08:44"},{"id":20,"name":"window","name_ndx":3050,"hypernym":[],"raw_name":"window","attributes":"","depth_ordering_rank":21,"occluded":[],"crop":"0","parts":{"ispartof":1,"hasparts":[],"part_level":1},"instance_mask":"ADE_train_00004609/instance_020_ADE_train_00004609.png","polygon":{"x":[59,69,69,57],"y":[212,211,231,232],"click_date":[]},"saved_date":"08-Sep-2010 10:08:44"},{"id":21,"name":"window","name_ndx":3050,"hypernym":[],"raw_name":"window","attributes":"","depth_ordering_rank":22,"occluded":[],"crop":"0","parts":{"ispartof":1,"hasparts":[],"part_level":1},"instance_mask":"ADE_train_00004609/instance_021_ADE_train_00004609.png","polygon":{"x":[79,91,91,79],"y":[210,209,229,230],"click_date":[]},"saved_date":"08-Sep-2010 10:08:44"},{"id":22,"name":"window","name_ndx":3050,"hypernym":[],"raw_name":"window","attributes":"","depth_ordering_rank":23,"occluded":[],"crop":"0","parts":{"ispartof":1,"hasparts":[],"part_level":1},"instance_mask":"ADE_train_00004609/instance_022_ADE_train_00004609.png","polygon":{"x":[102,114,113,101],"y":[209,208,229,230],"click_date":[]},"saved_date":"08-Sep-2010 10:08:44"},{"id":23,"name":"window","name_ndx":3050,"hypernym":[],"raw_name":"window","attributes":"","depth_ordering_rank":24,"occluded":[],"crop":"0","parts":{"ispartof":1,"hasparts":[],"part_level":1},"instance_mask":"ADE_train_00004609/instance_023_ADE_train_00004609.png","polygon":{"x":[126,137,137,126],"y":[207,206,227,228],"click_date":[]},"saved_date":"08-Sep-2010 10:08:44"},{"id":24,"name":"window","name_ndx":3050,"hypernym":[],"raw_name":"window","attributes":"","depth_ordering_rank":25,"occluded":[],"crop":"0","parts":{"ispartof":1,"hasparts":[],"part_level":1},"instance_mask":"ADE_train_00004609/instance_024_ADE_train_00004609.png","polygon":{"x":[23,33,33,22],"y":[146,144,164,164],"click_date":[]},"saved_date":"08-Sep-2010 10:08:44"},{"id":25,"name":"window","name_ndx":3050,"hypernym":[],"raw_name":"window","attributes":"","depth_ordering_rank":26,"occluded":[],"crop":"0","parts":{"ispartof":1,"hasparts":[],"part_level":1},"instance_mask":"ADE_train_00004609/instance_025_ADE_train_00004609.png","polygon":{"x":[22,31,31,22],"y":[177,176,195,195],"click_date":[]},"saved_date":"08-Sep-2010 10:08:44"},{"id":26,"name":"window","name_ndx":3050,"hypernym":[],"raw_name":"window","attributes":"","depth_ordering_rank":27,"occluded":[],"crop":"0","parts":{"ispartof":1,"hasparts":[],"part_level":1},"instance_mask":"ADE_train_00004609/instance_026_ADE_train_00004609.png","polygon":{"x":[177,192,193,177],"y":[157,155,178,180],"click_date":[]},"saved_date":"08-Sep-2010 10:08:44"}]}}